Customer_ID,Age,Gender,Province,Monthly_Income,Join_Date,Policy_ID,Policy_Type,Premium_Amount,Policy_Status,Claim_ID,Claim_Date,Claim_Amount,Claim_Status,Fraud_Flag
CUST1000,44,Male,Gauteng,26064,2020-05-30,POL5000,Home,1495,ACTIVE,CLM9000,2024-04-14,20438.99,APPROVED,Non-Fraud
CUST1001,41,Male,Free State,3500,2025-06-16,POL5001,Motor,746.28,ACTIVE,CLM9001,2025-09-08,4583.11,APPROVED,Non-Fraud
CUST1002,33,Female,Limpopo,29552.92,2020-06-14,POL5002,Health,2325.42,ACTIVE,CLM9002,2024-06-12,11892.02,REJECTED,Non-Fraud
CUST1003,41,Female,Western Cape,3500,2024-06-10,POL5003,Motor,885.13,ACTIVE,CLM9003,2025-01-24,15139.51,APPROVED,Non-Fraud
CUST1005,33,Female,Limpopo,0,2024-04-13,POL5005,Home,2210.31,ACTIVE,CLM9005,2024-10-23,30336.75,APPROVED,Non-Fraud
CUST1008,42,Male,North West,31654.77,2022-03-28,POL5008,Home,1410.71,ACTIVE,CLM9008,2024-02-02,48634.23,APPROVED,Non-Fraud
CUST1009,41,Male,Limpopo,26957.76,2020-11-02,POL5009,Funeral,326.92,ACTIVE,CLM9009,2024-08-05,0,APPROVED,Non-Fraud
CUST1010,47,Female,Western Cape,15268.58,2021-05-18,POL5010,Motor,1840.98,ACTIVE,CLM9010,2024-09-26,12620.17,APPROVED,Non-Fraud
CUST1012,41,Male,Western Cape,38945.52,2021-08-24,POL5012,Home,1734,ACTIVE,CLM9012,2025-01-25,29516.87,APPROVED,Non-Fraud
CUST1013,59,Female,Gauteng,34633.66,2021-01-27,POL5013,Life,706.33,ACTIVE,CLM9013,2024-09-30,52430.06,REJECTED,Non-Fraud
CUST1014,36,Female,Free State,17447.69,2021-11-06,POL5014,Motor,1038.67,ACTIVE,CLM9014,2024-09-26,25858.24,REJECTED,Non-Fraud
CUST1015,45,Unknown,Mpumalanga,15999.79,2024-01-23,POL5015,Home,1921,ACTIVE,CLM9015,2025-01-17,20641.82,APPROVED,Non-Fraud
CUST1016,41,Male,North West,10559.66,2023-09-06,POL5016,Health,2331.19,ACTIVE,CLM9016,2024-11-10,14862.3,APPROVED,Non-Fraud
CUST1017,23,Male,KwaZulu-Natal,14870.45,2024-09-15,POL5017,Home,3333.73,LAPSED,CLM9017,2025-06-29,22216.77,PENDING,Fraud
CUST1018,30,Male,Mpumalanga,24684.54,2021-07-25,POL5018,Life,1528.66,ACTIVE,CLM9018,2025-07-06,64601.11,PENDING,Non-Fraud
CUST1020,30,Female,Gauteng,26393.69,2020-07-30,POL5020,Life,649.93,ACTIVE,CLM9020,2024-03-13,52289.67,REJECTED,Fraud
CUST1021,62,Male,North West,42454.51,2021-06-30,POL5021,Motor,818.22,ACTIVE,CLM9021,2024-07-08,25359.02,APPROVED,Fraud
CUST1022,36,Female,Limpopo,10531.04,2020-06-30,POL5022,Home,1658.83,LAPSED,CLM9022,2024-04-09,14221.9,APPROVED,Non-Fraud
CUST1023,41,Female,Free State,19597,2025-03-06,POL5023,Health,1868.81,ACTIVE,CLM9023,2025-10-23,29064.27,APPROVED,Non-Fraud
CUST1024,42,Female,KwaZulu-Natal,19282.21,2024-01-28,POL5024,Motor,1277.16,ACTIVE,CLM9024,2025-08-03,11417,APPROVED,Non-Fraud
CUST1025,29,Male,KwaZulu-Natal,20157,2020-05-27,POL5025,Health,2466.22,LAPSED,CLM9025,2024-02-21,16376.78,APPROVED,Non-Fraud
CUST1026,48,Male,KwaZulu-Natal,39389.13,2022-08-01,POL5026,Funeral,388.9,LAPSED,CLM9026,2025-05-12,26554.32,REJECTED,Fraud
CUST1027,27,Male,Western Cape,11001.36,2023-08-05,POL5027,Health,2575,CANCELLED,CLM9027,2025-04-10,12606.44,APPROVED,Non-Fraud
CUST1029,31,Male,Gauteng,25012,2024-01-16,POL5029,Life,1164.41,ACTIVE,CLM9029,2024-06-10,39804.14,REJECTED,Non-Fraud
CUST1030,44,Male,Western Cape,0,2024-05-18,POL5030,Motor,1311.93,ACTIVE,CLM9030,2025-02-17,18119.63,REJECTED,Unknown
CUST1031,54,Male,Gauteng,41429.79,2023-08-12,POL5031,Life,1168,ACTIVE,CLM9031,2025-06-19,34210.93,APPROVED,Non-Fraud
CUST1034,40,Female,Western Cape,35202.14,2023-05-11,POL5034,Funeral,389.88,LAPSED,CLM9034,2025-01-13,14405.11,REJECTED,Fraud
CUST1035,61,Female,Gauteng,52575,2023-06-16,POL5035,Life,1111.34,ACTIVE,CLM9035,2024-04-16,13342.69,PENDING,Non-Fraud
CUST1036,36,Male,Western Cape,38045.59,2020-08-20,POL5036,Motor,1875.82,ACTIVE,CLM9036,2024-07-27,17472.3,APPROVED,Unknown
CUST1037,24,Female,Eastern Cape,37375.42,2023-04-28,POL5037,Motor,1478.31,CANCELLED,CLM9037,2025-10-11,27073.85,APPROVED,Non-Fraud
CUST1040,37,Male,Free State,0,2022-01-09,POL5040,Motor,787.74,ACTIVE,CLM9040,2024-02-10,7725.29,REJECTED,Non-Fraud
CUST1043,44,Female,Free State,14314.23,2023-10-10,POL5043,Home,1844.51,LAPSED,CLM9043,2024-09-30,6469.49,REJECTED,Non-Fraud
CUST1045,48,Unknown,Limpopo,12184.1,2022-07-20,POL5045,Motor,1535.43,ACTIVE,CLM9045,2024-03-12,16071.07,APPROVED,Non-Fraud
CUST1046,51,Female,North West,31561.89,2021-02-28,POL5046,Funeral,397.33,ACTIVE,CLM9046,2024-07-01,12043.86,APPROVED,Non-Fraud
CUST1048,41,Male,Free State,38792.11,2025-02-17,POL5048,Funeral,425.93,ACTIVE,CLM9048,2025-03-22,8900.93,APPROVED,Non-Fraud
CUST1049,48,Male,North West,16014.83,2023-11-28,POL5049,Health,1813.41,CANCELLED,CLM9049,2025-09-30,9841,PENDING,Non-Fraud
CUST1050,47,Male,Mpumalanga,15089.69,2024-03-19,POL5050,Life,1053,ACTIVE,CLM9050,2025-12-14,71928.8,APPROVED,Non-Fraud
CUST1051,42,Male,Free State,12243.15,2020-12-15,POL5051,Life,977.35,ACTIVE,CLM9051,2024-06-27,53486.43,REJECTED,Non-Fraud
CUST1052,56,Female,Gauteng,20842.98,2021-12-13,POL5052,Health,2024.53,ACTIVE,CLM9052,2025-09-13,10735.94,REJECTED,Non-Fraud
CUST1054,36,Female,KwaZulu-Natal,37746.89,2023-06-08,POL5054,Home,1102.06,ACTIVE,CLM9054,2024-08-18,28377.02,REJECTED,Fraud
CUST1055,32,Female,KwaZulu-Natal,20343.97,2023-09-20,POL5055,Health,1773.95,LAPSED,CLM9055,2025-12-14,500,APPROVED,Non-Fraud
CUST1058,42,Female,Eastern Cape,10484.41,2022-12-15,POL5058,Life,819.32,ACTIVE,CLM9058,2025-07-15,55908.18,APPROVED,Non-Fraud
CUST1059,18,Female,Eastern Cape,51750.39,2022-08-30,POL5059,Motor,1423.86,ACTIVE,CLM9059,2025-06-17,28481.37,APPROVED,Non-Fraud
CUST1062,44,Male,Free State,17839.59,2020-09-29,POL5062,Health,1646.77,ACTIVE,CLM9062,2024-01-21,4193.01,PENDING,Non-Fraud
CUST1063,44,Male,North West,30587.71,2022-01-28,POL5063,Health,2520.19,ACTIVE,CLM9063,2025-03-05,21194.19,REJECTED,Non-Fraud
CUST1064,32,Male,Eastern Cape,53374.28,2021-02-10,POL5064,Motor,1597.71,ACTIVE,CLM9064,2024-12-10,3082.87,APPROVED,Non-Fraud
CUST1065,40,Female,Unknown,9305.18,2025-04-06,POL5065,Home,2086.35,CANCELLED,CLM9065,2025-06-30,31155.42,PENDING,Non-Fraud
CUST1066,41,Male,KwaZulu-Natal,10125.52,2022-08-08,POL5066,Life,940,ACTIVE,CLM9066,2024-02-21,35711.19,APPROVED,Non-Fraud
CUST1068,41,Female,Gauteng,40454.83,2020-11-25,POL5068,Home,2234.21,ACTIVE,CLM9068,2024-08-17,44954.87,PENDING,Fraud
CUST1069,34,Male,Gauteng,24055.02,2023-01-04,POL5069,Funeral,345.84,ACTIVE,CLM9069,2024-06-05,12716.07,APPROVED,Fraud
CUST1072,32,Male,KwaZulu-Natal,22572.18,2024-03-07,POL5072,Life,1114.64,LAPSED,CLM9072,2025-12-14,31843.26,APPROVED,Non-Fraud
CUST1073,33,Male,Gauteng,31133.03,2021-09-15,POL5073,Health,2813.04,ACTIVE,CLM9073,2025-06-02,17455.13,APPROVED,Non-Fraud
CUST1074,45,Female,Eastern Cape,43521.85,2024-05-07,POL5074,Motor,1637.17,CANCELLED,CLM9074,2025-04-15,24162.74,APPROVED,Non-Fraud
CUST1075,43,Female,Eastern Cape,22493.26,2023-06-13,POL5075,Health,2867.07,LAPSED,CLM9075,2024-11-26,17163.87,APPROVED,Non-Fraud
CUST1076,41,Male,Mpumalanga,50084,2021-11-18,POL5076,Funeral,296.43,ACTIVE,CLM9076,2025-09-16,9799.28,APPROVED,Non-Fraud
CUST1077,52,Male,Eastern Cape,6675.38,2022-09-25,POL5077,Funeral,283.38,ACTIVE,CLM9077,2024-09-21,10987.67,APPROVED,Non-Fraud
CUST1078,27,Female,Gauteng,37916.99,2022-04-27,POL5078,Life,629.92,ACTIVE,CLM9078,2025-02-20,25738.47,APPROVED,Non-Fraud
CUST1080,46,Male,Mpumalanga,46608.14,2022-07-01,POL5080,Life,927.57,ACTIVE,CLM9080,2024-12-18,19246.05,APPROVED,Non-Fraud
CUST1081,48,Female,North West,18863.26,2023-03-06,POL5081,Home,509.25,ACTIVE,CLM9081,2024-05-03,14396.29,APPROVED,Non-Fraud
CUST1085,44,Female,Eastern Cape,19968.2,2021-12-12,POL5085,Health,3385.36,ACTIVE,CLM9085,2024-09-15,16908.14,PENDING,Non-Fraud
CUST1086,43,Male,Free State,37060.74,2023-07-05,POL5086,Health,3044.39,ACTIVE,CLM9086,2024-06-04,25471.42,APPROVED,Non-Fraud
CUST1087,37,Female,KwaZulu-Natal,40371.24,2022-04-11,POL5087,Funeral,274.93,ACTIVE,CLM9087,2025-09-12,9970.26,REJECTED,Non-Fraud
CUST1088,38,Male,Free State,44418.21,2023-05-30,POL5088,Health,1877.63,ACTIVE,CLM9088,2025-03-15,9100.47,REJECTED,Non-Fraud
CUST1089,33,Male,KwaZulu-Natal,32851.05,2025-04-25,POL5089,Funeral,469.55,ACTIVE,CLM9089,2025-07-11,19101.33,REJECTED,Fraud
CUST1090,35,Male,Western Cape,23110.39,2024-07-21,POL5090,Motor,1237.43,ACTIVE,CLM9090,2024-10-25,20268,APPROVED,Non-Fraud
CUST1091,47,Female,Eastern Cape,0,2022-05-14,POL5091,Motor,1606.42,ACTIVE,CLM9091,2025-10-02,21291.64,APPROVED,Non-Fraud
CUST1093,65,Male,Mpumalanga,27193.34,2024-06-14,POL5093,Life,1226.38,LAPSED,CLM9093,2025-03-25,24366,PENDING,Non-Fraud
CUST1094,38,Female,Free State,32602.67,2020-10-16,POL5094,Funeral,320.7,ACTIVE,CLM9094,2024-03-23,18207.04,REJECTED,Fraud
CUST1095,35,Female,Mpumalanga,47259.9,2022-03-29,POL5095,Motor,1297.48,ACTIVE,CLM9095,2025-08-12,4319.52,APPROVED,Non-Fraud
CUST1096,31,Female,Gauteng,9476.74,2023-08-07,POL5096,Home,2613.6,ACTIVE,CLM9096,2025-03-28,9325.13,APPROVED,Non-Fraud
CUST1097,50,Female,Eastern Cape,62156.53,2021-01-22,POL5097,Funeral,441.07,ACTIVE,CLM9097,2024-11-24,12315.95,REJECTED,Fraud
CUST1098,20,Female,Eastern Cape,26623.25,2025-04-03,POL5098,Health,1437.85,CANCELLED,CLM9098,2025-07-17,4082.97,REJECTED,Non-Fraud
CUST1101,31,Male,Limpopo,40528.94,2023-02-28,POL5101,Motor,1246.77,ACTIVE,CLM9101,2025-12-16,38378.92,APPROVED,Fraud
CUST1102,36,Male,Western Cape,26182.51,2023-11-30,POL5102,Health,2011.8,ACTIVE,CLM9102,2024-08-18,11293.74,APPROVED,Non-Fraud
CUST1104,41,Female,Limpopo,6217.46,2022-10-01,POL5104,Health,2600,ACTIVE,CLM9104,2025-09-05,25380.58,APPROVED,Non-Fraud
CUST1105,45,Male,KwaZulu-Natal,29064.08,2023-11-04,POL5105,Motor,1538.56,LAPSED,CLM9105,2025-06-03,9412.88,APPROVED,Non-Fraud
CUST1106,26,Female,Mpumalanga,23570.28,2021-10-31,POL5106,Home,1776.99,ACTIVE,CLM9106,2024-01-06,34497.3,APPROVED,Non-Fraud
CUST1107,30,Female,North West,9362.74,2023-10-06,POL5107,Life,674.16,ACTIVE,CLM9107,2024-11-25,60092.83,APPROVED,Non-Fraud
CUST1109,50,Male,Eastern Cape,34645.78,2024-04-14,POL5109,Funeral,351.24,ACTIVE,CLM9109,2024-12-05,12878.17,PENDING,Non-Fraud
CUST1110,39,Female,KwaZulu-Natal,35415.7,2021-05-25,POL5110,Life,966.12,ACTIVE,CLM9110,2025-02-23,55798.72,REJECTED,Non-Fraud
CUST1111,36,Male,Eastern Cape,48870.17,2021-05-23,POL5111,Home,1463.89,ACTIVE,CLM9111,2025-02-11,31243.26,REJECTED,Fraud
CUST1112,49,Female,North West,7211.43,2025-03-27,POL5112,Life,608.28,LAPSED,CLM9112,2025-07-08,58664.79,APPROVED,Non-Fraud
CUST1113,32,Male,Mpumalanga,33485.26,2020-08-22,POL5113,Funeral,364.35,ACTIVE,CLM9113,2024-04-10,8400.39,APPROVED,Non-Fraud
CUST1116,61,Female,Limpopo,29911.49,2024-04-13,POL5116,Health,2211,ACTIVE,CLM9116,2025-10-15,3624.71,APPROVED,Non-Fraud
CUST1117,49,Male,Eastern Cape,17404.87,2023-03-22,POL5117,Funeral,509.38,ACTIVE,CLM9117,2025-03-28,19567.04,APPROVED,Non-Fraud
CUST1118,39,Female,Free State,31760.29,2022-04-15,POL5118,Life,1084.57,ACTIVE,CLM9118,2025-01-28,9605.58,APPROVED,Unknown
CUST1119,36,Female,North West,24124.61,2023-07-19,POL5119,Life,1165.12,CANCELLED,CLM9119,2025-11-05,73932.22,APPROVED,Fraud
CUST1120,46,Male,Eastern Cape,44428.63,2021-02-27,POL5120,Home,1306.89,CANCELLED,CLM9120,2024-08-23,29706,REJECTED,Non-Fraud
CUST1121,41,Male,Limpopo,64423.56,2021-12-13,POL5121,Life,1138,ACTIVE,CLM9121,2025-11-06,22962.63,REJECTED,Non-Fraud
CUST1122,32,Male,Gauteng,36240.1,2023-10-13,POL5122,Health,2336.8,ACTIVE,CLM9122,2024-05-14,10927.86,APPROVED,Non-Fraud
CUST1123,37,Female,Free State,33873.45,2021-12-19,POL5123,Motor,1039.38,ACTIVE,CLM9123,2025-01-09,14203.46,APPROVED,Non-Fraud
CUST1124,22,Female,Western Cape,45676.18,2022-11-06,POL5124,Motor,1156.85,LAPSED,CLM9124,2024-10-29,37057.88,APPROVED,Non-Fraud
CUST1125,47,Female,KwaZulu-Natal,20283.4,2023-08-01,POL5125,Motor,1063.63,CANCELLED,CLM9125,2025-11-21,27075.4,REJECTED,Non-Fraud
CUST1127,34,Female,Free State,43242.48,2021-12-06,POL5127,Home,1096.17,CANCELLED,CLM9127,2024-08-27,20407.56,APPROVED,Fraud
CUST1128,44,Female,Limpopo,20542.19,2024-03-10,POL5128,Life,943.12,ACTIVE,CLM9128,2025-12-18,53437.94,APPROVED,Non-Fraud
CUST1129,47,Male,Western Cape,45177.07,2023-09-12,POL5129,Motor,1314.95,ACTIVE,CLM9129,2024-04-28,21489.97,PENDING,Non-Fraud
CUST1130,38,Male,Free State,17539.04,2023-01-31,POL5130,Health,2630.43,ACTIVE,CLM9130,2025-07-07,500,REJECTED,Non-Fraud
CUST1132,43,Male,Eastern Cape,37703.48,2023-10-13,POL5132,Health,1879.78,ACTIVE,CLM9132,2025-12-03,15492.48,APPROVED,Non-Fraud
CUST1133,45,Female,Gauteng,56804.94,2024-09-05,POL5133,Health,1663.2,ACTIVE,CLM9133,2025-04-10,8138.05,APPROVED,Non-Fraud
CUST1134,42,Male,Gauteng,24467.05,2024-05-08,POL5134,Home,1564.97,ACTIVE,CLM9134,2025-08-01,20883.71,APPROVED,Fraud
CUST1135,40,Male,Limpopo,7864.11,2025-07-29,POL5135,Home,2086.02,ACTIVE,CLM9135,2025-09-02,31816.79,REJECTED,Non-Fraud
CUST1136,31,Male,Western Cape,42419.45,2023-04-03,POL5136,Life,711.22,LAPSED,CLM9136,2024-01-27,70419.97,APPROVED,Fraud
CUST1137,27,Male,North West,33996.3,2022-02-24,POL5137,Motor,1284.5,ACTIVE,CLM9137,2025-03-07,21095.07,APPROVED,Non-Fraud
CUST1138,40,Male,Eastern Cape,46446.37,2022-05-12,POL5138,Health,2783.93,ACTIVE,CLM9138,2025-04-07,0,APPROVED,Non-Fraud
CUST1139,48,Male,Mpumalanga,35654.27,2023-01-04,POL5139,Health,1879.91,CANCELLED,CLM9139,2025-05-05,21737.27,APPROVED,Non-Fraud
CUST1140,43,Male,Eastern Cape,27661.26,2021-05-30,POL5140,Home,2134.46,ACTIVE,CLM9140,2024-11-25,33040.33,REJECTED,Non-Fraud
CUST1142,43,Female,Free State,24622.39,2022-08-26,POL5142,Motor,1585.4,ACTIVE,CLM9142,2025-10-28,16856.38,REJECTED,Unknown
CUST1144,43,Male,North West,53734.57,2020-06-30,POL5144,Health,1890.41,ACTIVE,CLM9144,2024-06-05,3570.54,APPROVED,Non-Fraud
CUST1145,37,Male,KwaZulu-Natal,25636.5,2024-03-26,POL5145,Home,1707.27,ACTIVE,CLM9145,2025-01-16,500,APPROVED,Non-Fraud
CUST1146,31,Female,KwaZulu-Natal,3500,2024-10-25,POL5146,Health,2924.2,LAPSED,CLM9146,2025-03-09,25119.72,PENDING,Non-Fraud
CUST1147,36,Female,North West,16194.55,2024-01-05,POL5147,Motor,2109.83,ACTIVE,CLM9147,2025-05-08,34102.98,APPROVED,Non-Fraud
CUST1148,32,Female,North West,27481.48,2021-12-23,POL5148,Motor,1199.74,ACTIVE,CLM9148,2025-03-15,25220.53,APPROVED,Non-Fraud
CUST1149,42,Male,Mpumalanga,46766.31,2022-11-26,POL5149,Motor,693.69,ACTIVE,CLM9149,2024-12-13,10856.29,REJECTED,Fraud
CUST1150,59,Female,KwaZulu-Natal,27150.75,2024-03-14,POL5150,Motor,1102.06,ACTIVE,CLM9150,2025-06-27,22832.89,APPROVED,Non-Fraud
CUST1151,56,Female,North West,40555.75,2022-03-02,POL5151,Motor,1256.01,ACTIVE,CLM9151,2025-08-04,8621.79,APPROVED,Non-Fraud
CUST1153,26,Female,Eastern Cape,29519.84,2022-06-23,POL5153,Health,1975,ACTIVE,CLM9153,2024-12-19,13278.85,APPROVED,Non-Fraud
CUST1154,49,Female,Mpumalanga,33980.72,2022-10-17,POL5154,Motor,1124,ACTIVE,CLM9154,2024-08-01,11629.11,APPROVED,Non-Fraud
CUST1155,37,Male,Western Cape,39351.32,2022-11-25,POL5155,Home,851.88,ACTIVE,CLM9155,2025-05-24,12731.54,APPROVED,Non-Fraud
CUST1158,36,Female,Mpumalanga,50381.06,2023-01-26,POL5158,Motor,1546.32,ACTIVE,CLM9158,2025-09-24,21511.6,APPROVED,Non-Fraud
CUST1159,25,Female,KwaZulu-Natal,30001.2,2022-02-07,POL5159,Health,3438.78,ACTIVE,CLM9159,2025-02-14,5697.73,APPROVED,Non-Fraud
CUST1160,18,Female,North West,38470.74,2025-01-20,POL5160,Motor,974.54,ACTIVE,CLM9160,2025-10-10,15282.96,APPROVED,Non-Fraud
CUST1161,33,Male,North West,26516.72,2023-01-04,POL5161,Health,1198.22,CANCELLED,CLM9161,2024-05-31,14464.4,REJECTED,Fraud
CUST1163,18,Female,North West,71928.48,2021-06-24,POL5163,Funeral,412.53,ACTIVE,CLM9163,2024-03-10,13092.36,APPROVED,Non-Fraud
CUST1164,36,Female,Mpumalanga,43872.78,2022-05-09,POL5164,Life,1113.98,ACTIVE,CLM9164,2025-04-17,62055.48,REJECTED,Fraud
CUST1165,28,Female,KwaZulu-Natal,8685.35,2022-09-28,POL5165,Life,1188.28,CANCELLED,CLM9165,2025-08-31,52774.61,APPROVED,Non-Fraud
CUST1167,18,Male,Eastern Cape,30986.11,2021-04-29,POL5167,Motor,1350.42,LAPSED,CLM9167,2024-03-27,10754.11,APPROVED,Non-Fraud
CUST1168,36,Male,Limpopo,3500,2024-09-26,POL5168,Home,1725,CANCELLED,CLM9168,2025-09-16,47606,APPROVED,Non-Fraud
CUST1169,41,Female,Free State,21117.09,2022-01-22,POL5169,Health,1515.87,ACTIVE,CLM9169,2025-10-08,15139.33,APPROVED,Unknown
CUST1171,31,Female,KwaZulu-Natal,23747.84,2021-11-03,POL5171,Life,830.94,ACTIVE,CLM9171,2025-11-02,42527.31,APPROVED,Non-Fraud
CUST1172,41,Male,KwaZulu-Natal,19841,2020-07-08,POL5172,Health,2019.43,ACTIVE,CLM9172,2024-05-10,12709.26,REJECTED,Non-Fraud
CUST1173,45,Male,Free State,44854.38,2022-08-09,POL5173,Life,950.13,ACTIVE,CLM9173,2024-08-07,23027.18,APPROVED,Non-Fraud
CUST1174,34,Female,Limpopo,48334.55,2021-05-10,POL5174,Motor,1464,ACTIVE,CLM9174,2024-04-13,17280.24,APPROVED,Non-Fraud
CUST1175,43,Male,North West,15371.28,2023-06-10,POL5175,Funeral,241.93,ACTIVE,CLM9175,2024-06-06,13023.24,APPROVED,Non-Fraud
CUST1176,39,Male,Eastern Cape,13969.38,2021-09-27,POL5176,Motor,1609.29,ACTIVE,CLM9176,2025-03-30,16185.24,APPROVED,Non-Fraud
CUST1177,39,Female,Unknown,35659.67,2024-02-23,POL5177,Life,1128.85,ACTIVE,CLM9177,2025-04-25,55652.65,REJECTED,Non-Fraud
CUST1179,37,Male,Mpumalanga,4995.36,2021-04-25,POL5179,Motor,1288,ACTIVE,CLM9179,2024-04-15,12144.57,APPROVED,Non-Fraud
CUST1183,43,Male,Gauteng,28268.07,2021-09-05,POL5183,Health,2392.72,LAPSED,CLM9183,2024-05-22,4348.51,APPROVED,Non-Fraud
CUST1184,35,Male,KwaZulu-Natal,27990,2022-09-01,POL5184,Motor,912.36,ACTIVE,CLM9184,2025-09-15,20525.84,APPROVED,Non-Fraud
CUST1185,35,Female,Limpopo,18934.41,2023-02-06,POL5185,Health,1991.27,ACTIVE,CLM9185,2025-09-29,500,APPROVED,Non-Fraud
CUST1187,56,Female,Western Cape,29460.98,2021-02-27,POL5187,Life,902.72,ACTIVE,CLM9187,2024-03-10,44782.4,PENDING,Non-Fraud
CUST1189,33,Female,KwaZulu-Natal,26858.68,2023-08-09,POL5189,Health,1807.66,ACTIVE,CLM9189,2025-08-18,17434.99,APPROVED,Non-Fraud
CUST1190,20,Female,North West,18514.09,2021-04-27,POL5190,Home,1808,ACTIVE,CLM9190,2025-04-20,46866.8,REJECTED,Non-Fraud
CUST1191,39,Male,Western Cape,16684.28,2023-08-12,POL5191,Motor,1059.34,ACTIVE,CLM9191,2024-10-27,0,APPROVED,Non-Fraud
CUST1192,60,Male,Gauteng,71538.86,2022-10-15,POL5192,Health,1990.08,ACTIVE,CLM9192,2025-07-10,13840.57,APPROVED,Non-Fraud
CUST1193,48,Unknown,Mpumalanga,19358.46,2023-04-26,POL5193,Health,1439.91,LAPSED,CLM9193,2024-12-05,11955.23,REJECTED,Fraud
CUST1194,46,Female,Eastern Cape,39887.43,2021-06-06,POL5194,Funeral,456.85,ACTIVE,CLM9194,2025-05-23,0,PENDING,Non-Fraud
CUST1195,46,Female,KwaZulu-Natal,33893.62,2021-05-13,POL5195,Home,2093.72,ACTIVE,CLM9195,2024-07-03,38719.24,APPROVED,Non-Fraud
CUST1196,46,Male,KwaZulu-Natal,8876.62,2024-03-06,POL5196,Health,2256.75,ACTIVE,CLM9196,2025-03-12,3765,APPROVED,Non-Fraud
CUST1198,35,Male,KwaZulu-Natal,0,2024-12-04,POL5198,Life,709.06,ACTIVE,CLM9198,2025-11-26,31347.08,APPROVED,Non-Fraud
CUST1199,48,Male,Eastern Cape,42493.49,2022-12-01,POL5199,Motor,703.83,ACTIVE,CLM9199,2025-01-10,4228.37,REJECTED,Non-Fraud
CUST1200,31,Male,Western Cape,30475.49,2020-11-30,POL5200,Life,1368.36,CANCELLED,CLM9200,2024-03-19,24331.26,REJECTED,Fraud
CUST1201,26,Female,Mpumalanga,15154.96,2022-06-01,POL5201,Motor,1706.18,ACTIVE,CLM9201,2025-05-26,5398.51,REJECTED,Non-Fraud
CUST1203,37,Female,Limpopo,39564.66,2023-06-04,POL5203,Motor,1197.13,LAPSED,CLM9203,2025-12-31,24552.22,APPROVED,Non-Fraud
CUST1204,30,Female,North West,18332.43,2023-11-17,POL5204,Home,1277.91,ACTIVE,CLM9204,2024-11-03,31996.22,APPROVED,Non-Fraud
CUST1205,39,Male,North West,38397.55,2022-12-25,POL5205,Life,1167.29,ACTIVE,CLM9205,2024-05-22,41232.35,APPROVED,Non-Fraud
CUST1206,30,Male,North West,8665.38,2024-09-26,POL5206,Life,892,ACTIVE,CLM9206,2025-07-18,75948.8,REJECTED,Non-Fraud
CUST1207,32,Male,KwaZulu-Natal,40034.23,2023-02-02,POL5207,Health,2072.75,CANCELLED,CLM9207,2025-06-22,8055.02,APPROVED,Non-Fraud
CUST1208,35,Male,Western Cape,24083.36,2022-12-04,POL5208,Funeral,310.24,ACTIVE,CLM9208,2025-11-27,21468.08,APPROVED,Non-Fraud
CUST1209,24,Male,Western Cape,9485.59,2021-05-12,POL5209,Health,2428.36,CANCELLED,CLM9209,2024-05-07,12687.14,REJECTED,Fraud
CUST1210,40,Female,Limpopo,69793.63,2022-09-25,POL5210,Health,1911.88,CANCELLED,CLM9210,2024-03-21,28452.35,REJECTED,Non-Fraud
CUST1211,45,Female,Western Cape,15138.39,2024-10-08,POL5211,Life,1193.95,ACTIVE,CLM9211,2025-10-18,22346.91,APPROVED,Non-Fraud
CUST1214,48,Female,Gauteng,24715.31,2022-01-21,POL5214,Health,1230.85,ACTIVE,CLM9214,2024-11-05,23713.42,APPROVED,Non-Fraud
CUST1215,43,Unknown,Mpumalanga,33448.23,2022-05-15,POL5215,Health,2834.14,ACTIVE,CLM9215,2025-03-01,5599.69,APPROVED,Non-Fraud
CUST1217,32,Female,KwaZulu-Natal,25416.64,2023-10-28,POL5217,Health,776.66,ACTIVE,CLM9217,2024-09-10,10388.07,APPROVED,Non-Fraud
CUST1218,30,Female,Free State,29147.94,2022-07-13,POL5218,Funeral,360.06,ACTIVE,CLM9218,2024-06-12,18187.42,PENDING,Non-Fraud
CUST1219,34,Unknown,Limpopo,21287.1,2023-08-03,POL5219,Home,1740.09,ACTIVE,CLM9219,2025-05-25,13609.71,APPROVED,Non-Fraud
CUST1220,58,Male,Free State,24947.36,2024-08-20,POL5220,Life,677.59,CANCELLED,CLM9220,2024-12-27,61240.99,APPROVED,Fraud
CUST1221,44,Female,Mpumalanga,42428,2022-08-10,POL5221,Life,677.02,LAPSED,CLM9221,2024-09-27,28888.74,APPROVED,Non-Fraud
CUST1222,44,Female,Gauteng,8860.07,2023-11-07,POL5222,Health,1360.49,ACTIVE,CLM9222,2025-07-20,14083.54,APPROVED,Non-Fraud
CUST1223,42,Female,Mpumalanga,6092.76,2023-09-26,POL5223,Home,1464.08,ACTIVE,CLM9223,2024-05-11,31631.21,APPROVED,Non-Fraud
CUST1224,47,Female,North West,36574.56,2025-02-04,POL5224,Home,1539,ACTIVE,CLM9224,2025-05-27,33464.84,REJECTED,Fraud
CUST1226,44,Female,Western Cape,8409.71,2023-09-12,POL5226,Health,839.98,ACTIVE,CLM9226,2025-08-30,27633.26,REJECTED,Non-Fraud
CUST1227,60,Female,Mpumalanga,28052,2021-11-21,POL5227,Health,2904.89,ACTIVE,CLM9227,2024-04-22,16503.05,APPROVED,Non-Fraud
CUST1229,43,Male,Eastern Cape,25137.4,2024-02-27,POL5229,Motor,1964.42,ACTIVE,CLM9229,2025-01-24,13709.23,APPROVED,Non-Fraud
CUST1230,45,Male,Gauteng,16739.58,2023-05-25,POL5230,Life,1013.29,ACTIVE,CLM9230,2025-03-27,41463.6,APPROVED,Non-Fraud
CUST1231,37,Female,Limpopo,6319.34,2023-04-27,POL5231,Health,1929.07,ACTIVE,CLM9231,2024-03-04,18996.14,PENDING,Non-Fraud
CUST1233,45,Female,Eastern Cape,3500,2022-11-18,POL5233,Motor,1224.13,ACTIVE,CLM9233,2024-08-18,8461.48,APPROVED,Non-Fraud
CUST1234,49,Male,Eastern Cape,20306.44,2023-01-27,POL5234,Health,1718.67,ACTIVE,CLM9234,2024-10-07,15856.53,PENDING,Non-Fraud
CUST1235,35,Female,Free State,39832.21,2024-06-30,POL5235,Home,2366.85,CANCELLED,CLM9235,2024-10-24,5554,REJECTED,Non-Fraud
CUST1236,56,Unknown,North West,24164.1,2023-05-22,POL5236,Funeral,616.25,ACTIVE,CLM9236,2024-08-07,6993.32,REJECTED,Non-Fraud
CUST1237,41,Female,Mpumalanga,12637.76,2024-04-25,POL5237,Motor,1143.9,ACTIVE,CLM9237,2024-09-05,25916.67,APPROVED,Non-Fraud
CUST1240,18,Female,North West,3500,2022-07-12,POL5240,Health,0,ACTIVE,CLM9240,2025-10-29,8919.83,REJECTED,Non-Fraud
CUST1241,47,Male,Western Cape,31015.55,2021-10-17,POL5241,Health,4455.74,LAPSED,CLM9241,2024-02-07,11635.9,PENDING,Non-Fraud
CUST1242,22,Male,Mpumalanga,38508.11,2022-05-04,POL5242,Funeral,0,ACTIVE,CLM9242,2024-04-19,25091.65,APPROVED,Non-Fraud
CUST1243,37,Female,Western Cape,37361.17,2022-05-19,POL5243,Funeral,326.64,ACTIVE,CLM9243,2024-04-25,15288.28,APPROVED,Fraud
CUST1244,56,Female,Western Cape,41796.3,2024-09-22,POL5244,Motor,1654.2,ACTIVE,CLM9244,2025-11-21,31990.37,APPROVED,Non-Fraud
CUST1245,49,Female,Free State,21469,2023-08-26,POL5245,Life,1031.01,ACTIVE,CLM9245,2024-07-08,15651.48,APPROVED,Non-Fraud
CUST1246,44,Male,Gauteng,49294.09,2023-02-24,POL5246,Motor,1017.88,ACTIVE,CLM9246,2024-12-03,7490,REJECTED,Non-Fraud
CUST1247,52,Male,Mpumalanga,24376.04,2021-08-22,POL5247,Life,494.85,ACTIVE,CLM9247,2024-05-01,80770.97,APPROVED,Non-Fraud
CUST1248,52,Female,Mpumalanga,16151.58,2021-07-03,POL5248,Life,1016.01,ACTIVE,CLM9248,2025-01-11,27719.17,PENDING,Non-Fraud
CUST1249,26,Male,Eastern Cape,61763.47,2022-01-02,POL5249,Motor,1880.74,ACTIVE,CLM9249,2025-03-01,18736.06,APPROVED,Non-Fraud
CUST1250,18,Male,Limpopo,15954.61,2022-11-21,POL5250,Life,1089.14,ACTIVE,CLM9250,2025-06-22,36519.76,REJECTED,Non-Fraud
CUST1251,24,Female,KwaZulu-Natal,8440.35,2024-03-14,POL5251,Funeral,295.86,ACTIVE,CLM9251,2025-06-01,20923.4,REJECTED,Non-Fraud
CUST1252,18,Male,Western Cape,22560.71,2021-03-23,POL5252,Health,2369.53,ACTIVE,CLM9252,2024-07-29,15628,APPROVED,Non-Fraud
CUST1253,35,Female,Gauteng,30386.49,2020-12-12,POL5253,Health,1976.03,ACTIVE,CLM9253,2024-02-29,17716.88,APPROVED,Non-Fraud
CUST1255,42,Male,Gauteng,23339.95,2022-05-26,POL5255,Funeral,561,ACTIVE,CLM9255,2024-02-02,24215.09,PENDING,Non-Fraud
CUST1256,41,Male,Free State,50846,2022-11-14,POL5256,Health,3190.84,LAPSED,CLM9256,2025-01-21,21604.25,APPROVED,Fraud
CUST1257,36,Male,North West,32340,2023-01-10,POL5257,Motor,1330.19,CANCELLED,CLM9257,2024-05-10,25217.27,APPROVED,Non-Fraud
CUST1258,50,Unknown,Mpumalanga,36169.62,2023-09-11,POL5258,Health,2447.91,ACTIVE,CLM9258,2025-01-23,6163.18,APPROVED,Non-Fraud
CUST1260,33,Female,Gauteng,19429.66,2021-10-26,POL5260,Motor,1521.92,ACTIVE,CLM9260,2025-04-02,30523.87,APPROVED,Non-Fraud
CUST1261,19,Male,Limpopo,48929.14,2024-03-18,POL5261,Home,1140.48,ACTIVE,CLM9261,2024-08-10,24810.87,APPROVED,Fraud
CUST1262,43,Male,North West,34580.62,2022-11-21,POL5262,Life,922.33,ACTIVE,CLM9262,2024-08-30,38253.2,REJECTED,Non-Fraud
CUST1264,37,Female,Gauteng,22176.46,2023-08-09,POL5264,Funeral,229.73,CANCELLED,CLM9264,2025-06-21,17093.77,APPROVED,Non-Fraud
CUST1265,49,Female,Western Cape,35310,2023-05-01,POL5265,Health,1901.53,ACTIVE,CLM9265,2024-09-03,19143.63,APPROVED,Non-Fraud
CUST1266,64,Male,Eastern Cape,19353.02,2022-07-05,POL5266,Funeral,305.32,ACTIVE,CLM9266,2025-07-24,21673.19,REJECTED,Fraud
CUST1267,28,Male,North West,18522.07,2021-03-05,POL5267,Life,1175.1,CANCELLED,CLM9267,2024-04-04,72418.3,REJECTED,Non-Fraud
CUST1268,20,Male,Gauteng,20657.73,2023-01-25,POL5268,Motor,1092.64,ACTIVE,CLM9268,2024-03-15,24604.43,APPROVED,Non-Fraud
CUST1270,39,Male,Eastern Cape,68157.64,2023-09-09,POL5270,Funeral,402.96,ACTIVE,CLM9270,2025-02-10,15788.95,APPROVED,Non-Fraud
CUST1272,46,Female,KwaZulu-Natal,55177.04,2023-09-04,POL5272,Home,1891,ACTIVE,CLM9272,2024-11-23,15004.71,REJECTED,Non-Fraud
CUST1273,51,Female,Gauteng,29880.15,2021-07-19,POL5273,Life,735,ACTIVE,CLM9273,2024-09-24,72061.56,APPROVED,Unknown
CUST1274,32,Female,Mpumalanga,23967.46,2021-10-22,POL5274,Motor,1846.49,ACTIVE,CLM9274,2024-09-08,7784.53,APPROVED,Non-Fraud
CUST1275,42,Female,Mpumalanga,14869.04,2022-09-17,POL5275,Home,2077.62,ACTIVE,CLM9275,2025-05-17,11817.51,REJECTED,Non-Fraud
CUST1276,61,Female,Western Cape,13793.37,2021-11-03,POL5276,Motor,1223.49,ACTIVE,CLM9276,2025-07-09,40040.39,APPROVED,Non-Fraud
CUST1277,51,Male,KwaZulu-Natal,34652.35,2024-04-21,POL5277,Funeral,459.65,ACTIVE,CLM9277,2025-02-26,5947.23,REJECTED,Non-Fraud
CUST1280,26,Female,Gauteng,4377.18,2023-10-27,POL5280,Life,772.74,ACTIVE,CLM9280,2024-07-02,47359.17,APPROVED,Non-Fraud
CUST1281,54,Male,Limpopo,53301,2022-06-11,POL5281,Motor,761.07,ACTIVE,CLM9281,2024-09-30,11081.41,REJECTED,Non-Fraud
CUST1282,51,Female,Eastern Cape,20104.74,2025-05-20,POL5282,Life,1165,CANCELLED,CLM9282,2025-12-01,43638.02,APPROVED,Non-Fraud
CUST1283,44,Male,KwaZulu-Natal,48847.58,2025-08-26,POL5283,Health,1857.36,ACTIVE,CLM9283,2025-10-14,15487.8,APPROVED,Non-Fraud
CUST1284,36,Male,Eastern Cape,56656.07,2021-03-23,POL5284,Home,1225.57,ACTIVE,CLM9284,2024-04-07,10488.5,APPROVED,Non-Fraud
CUST1285,32,Male,Limpopo,26918.91,2024-06-01,POL5285,Funeral,380.31,ACTIVE,CLM9285,2024-10-04,22077.35,APPROVED,Non-Fraud
CUST1286,44,Female,Gauteng,26629.19,2021-03-17,POL5286,Motor,2145.35,LAPSED,CLM9286,2024-07-31,20780.8,APPROVED,Fraud
CUST1288,50,Female,Free State,22731.79,2021-05-01,POL5288,Home,2453.78,ACTIVE,CLM9288,2024-03-21,21058.12,PENDING,Non-Fraud
CUST1289,33,Unknown,Gauteng,24938.85,2022-03-04,POL5289,Motor,1318.01,ACTIVE,CLM9289,2025-09-11,5796.45,APPROVED,Non-Fraud
CUST1290,35,Female,North West,3500,2024-01-06,POL5290,Motor,1223.54,ACTIVE,CLM9290,2025-05-17,24316.81,PENDING,Non-Fraud
CUST1291,44,Female,Free State,20505.57,2023-12-31,POL5291,Motor,1529.02,ACTIVE,CLM9291,2025-09-25,14612,APPROVED,Non-Fraud
CUST1292,33,Male,KwaZulu-Natal,8785.48,2022-03-02,POL5292,Motor,1463.04,ACTIVE,CLM9292,2024-06-06,9670.65,REJECTED,Non-Fraud
CUST1293,30,Male,KwaZulu-Natal,33941.52,2024-07-02,POL5293,Motor,1797.83,ACTIVE,CLM9293,2024-10-03,33477.08,APPROVED,Non-Fraud
CUST1295,42,Male,North West,48314.02,2021-01-07,POL5295,Funeral,432.45,ACTIVE,CLM9295,2024-03-27,4592.84,APPROVED,Non-Fraud
CUST1296,42,Male,Western Cape,63161.79,2021-11-27,POL5296,Life,1110.14,ACTIVE,CLM9296,2024-10-01,31378.25,REJECTED,Fraud
CUST1297,49,Female,Free State,28723.25,2021-02-07,POL5297,Health,2744.59,LAPSED,CLM9297,2024-09-09,14566.29,APPROVED,Non-Fraud
CUST1298,29,Male,Eastern Cape,19064.04,2021-05-16,POL5298,Motor,1064.62,ACTIVE,CLM9298,2024-12-06,6382.5,PENDING,Non-Fraud
CUST1299,52,Female,Eastern Cape,22452.78,2024-10-27,POL5299,Health,2462.47,LAPSED,CLM9299,2025-08-31,4212.97,REJECTED,Non-Fraud
CUST1300,29,Male,Eastern Cape,17932.47,2020-11-02,POL5300,Health,2100.41,CANCELLED,CLM9300,2024-10-25,1203.39,PENDING,Non-Fraud
CUST1301,37,Male,North West,0,2021-01-28,POL5301,Health,2540.78,LAPSED,CLM9301,2024-04-26,1017.12,APPROVED,Non-Fraud
CUST1302,59,Male,Gauteng,14729.5,2023-07-07,POL5302,Funeral,421.57,ACTIVE,CLM9302,2025-03-24,15600.91,APPROVED,Non-Fraud
CUST1303,35,Male,Free State,33180.86,2020-12-07,POL5303,Life,825.77,ACTIVE,CLM9303,2024-09-15,24947.16,REJECTED,Fraud
CUST1304,47,Female,KwaZulu-Natal,21964.24,2022-07-30,POL5304,Health,2430.48,ACTIVE,CLM9304,2025-07-01,12057.43,APPROVED,Non-Fraud
CUST1305,35,Female,Gauteng,17807,2022-02-03,POL5305,Home,1033.96,ACTIVE,CLM9305,2025-07-03,38353.49,REJECTED,Non-Fraud
CUST1306,26,Male,KwaZulu-Natal,39482.21,2022-04-19,POL5306,Home,1532.39,ACTIVE,CLM9306,2025-10-24,28144.34,APPROVED,Fraud
CUST1307,45,Female,North West,16092.51,2023-05-26,POL5307,Funeral,414,ACTIVE,CLM9307,2024-09-21,12109.48,APPROVED,Non-Fraud
CUST1308,32,Male,Eastern Cape,32657,2023-01-19,POL5308,Health,1966.37,ACTIVE,CLM9308,2025-12-08,10877,APPROVED,Non-Fraud
CUST1309,43,Male,Eastern Cape,28552.26,2023-06-13,POL5309,Motor,847.43,ACTIVE,CLM9309,2024-04-28,16497.54,PENDING,Non-Fraud
CUST1310,49,Female,Eastern Cape,51844,2021-09-25,POL5310,Home,1862.23,ACTIVE,CLM9310,2024-04-09,36296.17,APPROVED,Non-Fraud
CUST1311,18,Female,North West,30030.89,2022-01-22,POL5311,Motor,1627.61,ACTIVE,CLM9311,2024-01-24,5193.55,APPROVED,Non-Fraud
CUST1312,28,Male,Limpopo,25458.96,2022-07-10,POL5312,Life,1307.21,ACTIVE,CLM9312,2025-03-12,36931.96,APPROVED,Non-Fraud
CUST1313,40,Female,Western Cape,56589.06,2024-07-13,POL5313,Motor,1447.08,ACTIVE,CLM9313,2025-09-20,25821.16,APPROVED,Non-Fraud
CUST1315,37,Male,North West,23426.25,2022-05-02,POL5315,Health,1396.66,ACTIVE,CLM9315,2025-05-16,13448.5,APPROVED,Non-Fraud
CUST1316,41,Female,Free State,24630.69,2021-09-27,POL5316,Life,908.92,ACTIVE,CLM9316,2025-04-13,16195.12,APPROVED,Non-Fraud
CUST1317,29,Female,KwaZulu-Natal,35190.6,2023-03-22,POL5317,Life,1113.74,ACTIVE,CLM9317,2024-04-29,46758.07,APPROVED,Non-Fraud
CUST1318,34,Male,Free State,26267.79,2021-09-17,POL5318,Health,1389.58,ACTIVE,CLM9318,2024-07-09,6639.08,APPROVED,Non-Fraud
CUST1319,52,Unknown,Western Cape,34732.71,2021-09-16,POL5319,Health,1783.02,ACTIVE,CLM9319,2025-04-06,21901.23,APPROVED,Non-Fraud
CUST1320,32,Female,Gauteng,18062.95,2022-08-29,POL5320,Health,0,ACTIVE,CLM9320,2025-07-29,10800.47,APPROVED,Non-Fraud
CUST1323,49,Female,KwaZulu-Natal,31402.07,2021-11-27,POL5323,Life,1025.43,ACTIVE,CLM9323,2025-01-10,54653.24,APPROVED,Non-Fraud
CUST1324,40,Male,Eastern Cape,39894.57,2024-05-13,POL5324,Life,750.01,CANCELLED,CLM9324,2025-10-31,57789.88,APPROVED,Fraud
CUST1325,32,Female,Mpumalanga,26179.16,2022-12-02,POL5325,Health,1534.47,LAPSED,CLM9325,2024-04-30,16687,APPROVED,Non-Fraud
CUST1326,50,Female,Unknown,16170.82,2024-03-01,POL5326,Motor,825.34,ACTIVE,CLM9326,2024-07-30,17435.56,APPROVED,Non-Fraud
CUST1327,36,Female,Western Cape,23290.58,2021-10-13,POL5327,Health,2377,ACTIVE,CLM9327,2024-09-30,19100.03,APPROVED,Non-Fraud
CUST1329,35,Male,Western Cape,10093.57,2023-08-12,POL5329,Home,1856.73,LAPSED,CLM9329,2025-11-23,39402.01,REJECTED,Non-Fraud
CUST1330,30,Female,Free State,54466.17,2021-12-02,POL5330,Health,0,ACTIVE,CLM9330,2024-04-05,28122.2,REJECTED,Non-Fraud
CUST1332,41,Female,KwaZulu-Natal,3500,2021-09-26,POL5332,Home,1251.42,ACTIVE,CLM9332,2024-08-04,1219,PENDING,Non-Fraud
CUST1333,18,Female,North West,23515.83,2021-01-20,POL5333,Life,734.13,ACTIVE,CLM9333,2024-12-17,55666,REJECTED,Non-Fraud
CUST1334,33,Unknown,KwaZulu-Natal,36866.58,2021-11-20,POL5334,Life,703.75,LAPSED,CLM9334,2024-06-10,57531.02,APPROVED,Non-Fraud
CUST1335,62,Female,Limpopo,8068.44,2023-11-16,POL5335,Funeral,256.26,CANCELLED,CLM9335,2024-11-05,5502.64,REJECTED,Non-Fraud
CUST1336,26,Female,KwaZulu-Natal,3500,2024-10-23,POL5336,Life,1079.24,ACTIVE,CLM9336,2025-10-26,58785.81,APPROVED,Fraud
CUST1337,49,Male,Free State,22188.6,2024-10-26,POL5337,Life,923.91,ACTIVE,CLM9337,2025-05-03,48507.16,REJECTED,Fraud
CUST1338,55,Female,Gauteng,34280.9,2021-03-18,POL5338,Motor,1686.7,ACTIVE,CLM9338,2025-03-08,21025.95,APPROVED,Non-Fraud
CUST1339,25,Male,Limpopo,42755.8,2022-09-26,POL5339,Health,1677.16,ACTIVE,CLM9339,2024-11-16,9095.07,APPROVED,Non-Fraud
CUST1342,38,Female,Limpopo,31403.73,2023-06-02,POL5342,Motor,1247.02,ACTIVE,CLM9342,2025-08-26,10614.97,REJECTED,Non-Fraud
CUST1343,36,Female,North West,3500,2021-07-06,POL5343,Home,1538.21,ACTIVE,CLM9343,2024-09-11,15430.95,APPROVED,Non-Fraud
CUST1344,30,Female,Gauteng,51186.92,2021-12-20,POL5344,Home,2172.35,ACTIVE,CLM9344,2025-06-14,36695.64,APPROVED,Non-Fraud
CUST1345,45,Female,Mpumalanga,50937.04,2021-10-25,POL5345,Life,570.27,LAPSED,CLM9345,2024-09-02,49384,REJECTED,Non-Fraud
CUST1346,39,Male,Eastern Cape,17543.07,2021-12-05,POL5346,Life,1081.63,ACTIVE,CLM9346,2024-01-13,0,REJECTED,Non-Fraud
CUST1347,34,Male,Free State,0,2024-11-12,POL5347,Funeral,164.86,ACTIVE,CLM9347,2025-11-30,16949.03,APPROVED,Non-Fraud
CUST1349,34,Female,Free State,27116.28,2024-10-15,POL5349,Home,508.12,ACTIVE,CLM9349,2025-09-22,500,APPROVED,Non-Fraud
CUST1350,41,Female,KwaZulu-Natal,12737.08,2023-08-04,POL5350,Life,977.63,ACTIVE,CLM9350,2025-07-03,24731.03,REJECTED,Non-Fraud
CUST1351,47,Male,Mpumalanga,3500,2022-09-17,POL5351,Life,1414.16,ACTIVE,CLM9351,2024-02-29,60205.94,REJECTED,Fraud
CUST1353,54,Male,Western Cape,23137.77,2023-09-17,POL5353,Health,2053.06,ACTIVE,CLM9353,2024-09-22,12201.69,APPROVED,Non-Fraud
CUST1354,44,Female,KwaZulu-Natal,27194.75,2021-09-29,POL5354,Home,1108.77,ACTIVE,CLM9354,2024-10-05,24899.53,REJECTED,Fraud
CUST1356,24,Female,KwaZulu-Natal,12883.69,2025-05-01,POL5356,Funeral,341.83,ACTIVE,CLM9356,2025-06-05,19838.61,APPROVED,Fraud
CUST1358,27,Female,Limpopo,29767.75,2024-03-29,POL5358,Health,1624.49,ACTIVE,CLM9358,2024-10-04,1541.04,REJECTED,Non-Fraud
CUST1359,36,Male,Gauteng,21495.86,2024-08-27,POL5359,Motor,1365.53,LAPSED,CLM9359,2025-02-14,27556,PENDING,Non-Fraud
CUST1360,38,Female,Mpumalanga,26498.29,2022-11-05,POL5360,Health,1453.99,ACTIVE,CLM9360,2024-07-24,25595.49,APPROVED,Non-Fraud
CUST1361,47,Female,Limpopo,30791.94,2021-05-27,POL5361,Health,1712.66,ACTIVE,CLM9361,2024-07-19,19529.45,APPROVED,Non-Fraud
CUST1362,31,Male,Western Cape,28382.39,2021-04-28,POL5362,Motor,1333.42,ACTIVE,CLM9362,2024-12-20,18451.19,APPROVED,Non-Fraud
CUST1364,31,Male,Free State,31125.79,2024-05-05,POL5364,Health,1772.37,ACTIVE,CLM9364,2025-12-29,500,PENDING,Non-Fraud
CUST1365,40,Male,Free State,30466.66,2020-11-24,POL5365,Home,1418.04,ACTIVE,CLM9365,2024-03-27,32178.6,REJECTED,Fraud
CUST1366,42,Female,KwaZulu-Natal,20541.84,2022-12-16,POL5366,Life,724.83,ACTIVE,CLM9366,2024-05-13,64294.74,APPROVED,Non-Fraud
CUST1367,37,Female,Free State,39856.35,2023-05-16,POL5367,Home,1994.28,ACTIVE,CLM9367,2024-10-05,28406,APPROVED,Non-Fraud
CUST1368,41,Male,Western Cape,3500,2021-11-10,POL5368,Home,1111.28,ACTIVE,CLM9368,2024-06-17,30204.44,APPROVED,Non-Fraud
CUST1370,24,Male,Unknown,31124.14,2024-01-03,POL5370,Home,1257.39,ACTIVE,CLM9370,2024-12-01,20060.41,APPROVED,Non-Fraud
CUST1372,32,Female,Limpopo,11810.18,2024-03-11,POL5372,Motor,1647.53,ACTIVE,CLM9372,2024-05-04,30196.26,REJECTED,Non-Fraud
CUST1374,48,Female,KwaZulu-Natal,28018.56,2024-06-10,POL5374,Motor,1488.4,ACTIVE,CLM9374,2025-03-30,0,REJECTED,Fraud
CUST1377,51,Female,Western Cape,44020.1,2021-12-13,POL5377,Motor,864.25,ACTIVE,CLM9377,2024-10-29,26979.51,APPROVED,Non-Fraud
CUST1378,41,Female,Gauteng,23753.1,2022-10-10,POL5378,Motor,1273.4,ACTIVE,CLM9378,2025-10-20,12322.16,APPROVED,Non-Fraud
CUST1380,27,Female,Free State,52066.57,2022-06-05,POL5380,Motor,1036.28,ACTIVE,CLM9380,2024-01-31,6322.76,APPROVED,Non-Fraud
CUST1381,47,Female,North West,0,2022-10-23,POL5381,Home,2419.24,CANCELLED,CLM9381,2024-04-12,25929,PENDING,Non-Fraud
CUST1382,36,Female,Gauteng,44703.58,2023-01-07,POL5382,Home,1114.07,CANCELLED,CLM9382,2025-02-01,25902.64,APPROVED,Non-Fraud
CUST1383,35,Male,Western Cape,46077.83,2021-08-10,POL5383,Motor,1497.62,ACTIVE,CLM9383,2025-01-02,30461.09,REJECTED,Fraud
CUST1384,46,Male,Limpopo,16255.5,2023-09-16,POL5384,Home,1369.43,LAPSED,CLM9384,2025-07-09,25800.68,REJECTED,Fraud
CUST1385,34,Male,Limpopo,52167.17,2021-05-28,POL5385,Life,1039.06,ACTIVE,CLM9385,2024-12-05,52655.78,APPROVED,Non-Fraud
CUST1386,43,Male,North West,39728.7,2024-06-29,POL5386,Home,1050.86,CANCELLED,CLM9386,2024-11-27,23292.12,REJECTED,Fraud
CUST1388,35,Male,North West,14826,2021-07-23,POL5388,Health,1618.63,ACTIVE,CLM9388,2025-03-23,17747.34,APPROVED,Non-Fraud
CUST1390,36,Male,Unknown,19930.13,2020-09-16,POL5390,Health,1680.3,ACTIVE,CLM9390,2024-01-02,500,APPROVED,Non-Fraud
CUST1391,49,Male,Western Cape,35376.57,2020-12-14,POL5391,Life,1077.54,CANCELLED,CLM9391,2024-08-14,18986.31,PENDING,Non-Fraud
CUST1392,45,Female,Western Cape,26198.77,2023-11-16,POL5392,Health,1809.53,ACTIVE,CLM9392,2024-11-23,15277.09,APPROVED,Unknown
CUST1393,65,Male,North West,44579.59,2022-02-22,POL5393,Health,2167.08,ACTIVE,CLM9393,2024-03-10,11352.66,APPROVED,Non-Fraud
CUST1394,56,Male,Gauteng,28270.82,2022-01-24,POL5394,Motor,934,ACTIVE,CLM9394,2024-06-19,27099.48,APPROVED,Non-Fraud
CUST1395,44,Female,North West,34941.27,2021-11-20,POL5395,Life,1351.08,ACTIVE,CLM9395,2025-08-14,46760.64,APPROVED,Non-Fraud
CUST1396,36,Male,Western Cape,0,2022-03-10,POL5396,Health,2276.98,LAPSED,CLM9396,2024-01-21,1840.01,APPROVED,Non-Fraud
CUST1397,28,Male,KwaZulu-Natal,31493.67,2021-01-22,POL5397,Health,1948.34,LAPSED,CLM9397,2024-03-17,17164.7,APPROVED,Non-Fraud
CUST1398,38,Male,North West,44834.32,2021-08-02,POL5398,Life,1019.77,ACTIVE,CLM9398,2024-02-01,0,APPROVED,Non-Fraud
CUST1400,44,Female,Mpumalanga,27196.46,2022-09-15,POL5400,Health,1675.25,ACTIVE,CLM9400,2025-07-16,23418.44,APPROVED,Non-Fraud
CUST1401,46,Female,Unknown,16744.72,2022-11-28,POL5401,Health,1951.35,ACTIVE,CLM9401,2025-09-06,10733.56,APPROVED,Non-Fraud
CUST1404,32,Female,North West,34711.05,2023-05-22,POL5404,Motor,431.31,ACTIVE,CLM9404,2024-09-26,40265,APPROVED,Non-Fraud
CUST1405,33,Male,Western Cape,16434.43,2021-11-06,POL5405,Home,841.9,ACTIVE,CLM9405,2024-12-18,62922.32,APPROVED,Non-Fraud
CUST1407,45,Female,Limpopo,21361.51,2021-03-14,POL5407,Health,3065.71,ACTIVE,CLM9407,2024-02-05,7444.4,REJECTED,Non-Fraud
CUST1408,20,Male,KwaZulu-Natal,12319.34,2023-03-15,POL5408,Funeral,226.71,ACTIVE,CLM9408,2024-06-20,7079.05,PENDING,Non-Fraud
CUST1409,41,Male,Gauteng,16470.51,2024-11-06,POL5409,Health,2895.17,CANCELLED,CLM9409,2025-04-10,20501.26,APPROVED,Non-Fraud
CUST1410,57,Female,North West,32273.4,2021-11-20,POL5410,Funeral,296.17,CANCELLED,CLM9410,2025-02-01,852.48,APPROVED,Non-Fraud
CUST1411,55,Female,Mpumalanga,43713.24,2022-05-22,POL5411,Life,950.79,CANCELLED,CLM9411,2025-12-18,41299,APPROVED,Non-Fraud
CUST1413,36,Male,Mpumalanga,42841.26,2022-07-06,POL5413,Funeral,335.2,LAPSED,CLM9413,2024-09-27,20715.47,REJECTED,Non-Fraud
CUST1414,35,Female,Gauteng,48338.58,2021-12-09,POL5414,Motor,1885.06,ACTIVE,CLM9414,2025-11-28,4948.57,APPROVED,Non-Fraud
CUST1415,25,Female,North West,40419.12,2022-08-02,POL5415,Life,1091.21,ACTIVE,CLM9415,2024-10-02,88057.97,APPROVED,Fraud
CUST1417,47,Female,North West,10160.75,2021-12-20,POL5417,Motor,1716.97,ACTIVE,CLM9417,2024-07-11,24968.7,APPROVED,Non-Fraud
CUST1418,18,Female,Eastern Cape,56590.49,2024-06-21,POL5418,Home,1269.2,LAPSED,CLM9418,2025-06-11,13616.4,REJECTED,Fraud
CUST1419,53,Female,Western Cape,28203.13,2023-04-29,POL5419,Home,1842.3,ACTIVE,CLM9419,2024-06-26,45486.62,APPROVED,Non-Fraud
CUST1421,42,Female,Free State,24201.59,2022-03-22,POL5421,Life,1127.34,ACTIVE,CLM9421,2025-01-16,63844.41,APPROVED,Non-Fraud
CUST1422,47,Male,Eastern Cape,0,2020-10-12,POL5422,Life,944.86,ACTIVE,CLM9422,2024-09-21,17003.27,APPROVED,Non-Fraud
CUST1423,39,Male,Free State,42520.22,2023-12-04,POL5423,Motor,1467.05,LAPSED,CLM9423,2024-08-07,7842.08,REJECTED,Non-Fraud
CUST1424,39,Male,Mpumalanga,18009.81,2025-10-12,POL5424,Life,602.01,ACTIVE,CLM9424,2025-11-29,24808.48,REJECTED,Non-Fraud
CUST1425,50,Male,Western Cape,35023.59,2021-03-03,POL5425,Life,1050.06,ACTIVE,CLM9425,2024-11-08,46459.49,APPROVED,Non-Fraud
CUST1427,46,Male,Gauteng,18429.12,2021-10-27,POL5427,Life,987.4,ACTIVE,CLM9427,2025-01-18,53164.54,REJECTED,Non-Fraud
CUST1428,44,Female,Mpumalanga,38205.18,2021-02-07,POL5428,Life,806.47,ACTIVE,CLM9428,2024-10-10,47222.64,APPROVED,Non-Fraud
CUST1429,47,Female,Mpumalanga,32558.09,2023-08-09,POL5429,Life,1079.53,CANCELLED,CLM9429,2024-07-11,97527.12,APPROVED,Non-Fraud
CUST1430,42,Male,Gauteng,3500,2023-12-24,POL5430,Home,2038.13,LAPSED,CLM9430,2025-11-07,29718.74,APPROVED,Non-Fraud
CUST1431,34,Male,Eastern Cape,14067.56,2024-10-22,POL5431,Funeral,335.01,ACTIVE,CLM9431,2025-02-01,16205.06,APPROVED,Non-Fraud
CUST1433,50,Female,Western Cape,23283.47,2021-07-20,POL5433,Home,1370.43,LAPSED,CLM9433,2024-04-09,39918.08,REJECTED,Fraud
CUST1434,27,Male,North West,28872.64,2022-06-03,POL5434,Life,906.18,ACTIVE,CLM9434,2024-11-10,35873.84,APPROVED,Non-Fraud
CUST1435,58,Female,North West,28188.31,2024-12-08,POL5435,Motor,1271.3,ACTIVE,CLM9435,2025-04-26,21950.45,REJECTED,Non-Fraud
CUST1436,27,Male,Eastern Cape,24402.77,2022-01-06,POL5436,Funeral,371.59,ACTIVE,CLM9436,2025-01-25,17926.59,REJECTED,Non-Fraud
CUST1437,49,Male,Western Cape,27813.74,2022-12-13,POL5437,Motor,1140.06,ACTIVE,CLM9437,2025-08-06,12884,APPROVED,Non-Fraud
CUST1440,31,Female,Free State,37226.76,2022-05-21,POL5440,Funeral,203.97,ACTIVE,CLM9440,2024-07-23,16740.13,APPROVED,Non-Fraud
CUST1441,22,Female,Limpopo,15145.03,2020-08-30,POL5441,Motor,0,ACTIVE,CLM9441,2024-08-19,20648.6,REJECTED,Non-Fraud
CUST1442,36,Female,Western Cape,43149.57,2023-11-05,POL5442,Motor,1304.84,ACTIVE,CLM9442,2024-03-07,29720.38,APPROVED,Non-Fraud
CUST1443,22,Female,Eastern Cape,24912.46,2025-02-03,POL5443,Home,1060.72,ACTIVE,CLM9443,2025-12-04,19786.91,APPROVED,Non-Fraud
CUST1444,44,Female,North West,3543.46,2024-12-10,POL5444,Home,2136.99,ACTIVE,CLM9444,2025-02-17,21834,REJECTED,Non-Fraud
CUST1445,27,Male,Limpopo,33989.4,2021-04-19,POL5445,Home,2353.69,ACTIVE,CLM9445,2025-01-10,33365.25,APPROVED,Non-Fraud
CUST1446,40,Female,Mpumalanga,44271.63,2020-05-05,POL5446,Home,1192.77,ACTIVE,CLM9446,2024-02-19,26742.6,APPROVED,Fraud
CUST1447,36,Male,KwaZulu-Natal,7035.75,2024-05-22,POL5447,Health,1917.82,ACTIVE,CLM9447,2025-04-30,3230.24,APPROVED,Non-Fraud
CUST1448,67,Male,Mpumalanga,3500,2022-04-08,POL5448,Health,1765.72,ACTIVE,CLM9448,2025-09-29,18738.38,APPROVED,Non-Fraud
CUST1449,24,Female,KwaZulu-Natal,3500,2021-06-04,POL5449,Life,975.71,ACTIVE,CLM9449,2024-04-18,58194.98,APPROVED,Non-Fraud
CUST1451,30,Male,Eastern Cape,40266.44,2021-01-04,POL5451,Health,2486.76,ACTIVE,CLM9451,2024-04-23,12271.22,APPROVED,Non-Fraud
CUST1452,37,Male,KwaZulu-Natal,37182.49,2021-01-09,POL5452,Home,801.71,ACTIVE,CLM9452,2024-09-19,34255.2,REJECTED,Fraud
CUST1453,38,Female,Mpumalanga,44575.82,2022-05-26,POL5453,Health,2063.98,ACTIVE,CLM9453,2024-02-10,18045.33,APPROVED,Non-Fraud
CUST1456,34,Male,KwaZulu-Natal,20997.23,2021-02-17,POL5456,Health,3082.04,CANCELLED,CLM9456,2025-01-29,27678.7,APPROVED,Non-Fraud
CUST1457,18,Female,Unknown,38432.11,2023-10-14,POL5457,Motor,1396.96,ACTIVE,CLM9457,2024-06-12,27705.42,APPROVED,Non-Fraud
CUST1460,30,Female,Gauteng,18738.42,2022-05-14,POL5460,Home,1324.76,ACTIVE,CLM9460,2025-08-13,41504.72,REJECTED,Fraud
CUST1462,34,Male,Gauteng,4603.62,2022-06-15,POL5462,Motor,2062.56,CANCELLED,CLM9462,2025-04-25,21862.91,APPROVED,Non-Fraud
CUST1463,39,Male,Eastern Cape,42684.1,2024-02-03,POL5463,Health,2565.07,ACTIVE,CLM9463,2025-06-03,12251.93,APPROVED,Unknown
CUST1464,42,Female,Free State,14025.03,2023-01-05,POL5464,Home,1431.46,ACTIVE,CLM9464,2025-08-09,9821.88,APPROVED,Non-Fraud
CUST1465,59,Female,Eastern Cape,42322.79,2023-05-24,POL5465,Health,2334.68,CANCELLED,CLM9465,2024-01-19,21489.16,REJECTED,Non-Fraud
CUST1466,30,Male,Gauteng,33357.15,2023-12-31,POL5466,Home,1475.5,LAPSED,CLM9466,2025-10-14,23433.5,PENDING,Non-Fraud
CUST1467,43,Male,Eastern Cape,31088,2021-12-30,POL5467,Funeral,429.14,ACTIVE,CLM9467,2024-08-16,500,APPROVED,Non-Fraud
CUST1468,37,Female,North West,23435.83,2024-07-12,POL5468,Home,0,ACTIVE,CLM9468,2024-08-15,29933.73,REJECTED,Non-Fraud
CUST1469,30,Female,North West,33135.4,2022-01-06,POL5469,Home,1734.3,ACTIVE,CLM9469,2024-05-23,21922.89,APPROVED,Non-Fraud
CUST1470,47,Male,Limpopo,20166.35,2022-07-23,POL5470,Motor,358.44,LAPSED,CLM9470,2024-07-14,32898,REJECTED,Fraud
CUST1472,33,Male,Free State,7892.45,2020-07-15,POL5472,Home,2200.25,ACTIVE,CLM9472,2024-06-30,10172.38,APPROVED,Non-Fraud
CUST1473,40,Male,KwaZulu-Natal,46832.07,2023-03-06,POL5473,Health,1800.82,ACTIVE,CLM9473,2025-05-31,7486.43,REJECTED,Non-Fraud
CUST1476,48,Female,North West,33572.68,2021-08-05,POL5476,Funeral,416.71,ACTIVE,CLM9476,2024-07-01,10376.97,APPROVED,Non-Fraud
CUST1477,34,Female,Unknown,10992.71,2023-06-14,POL5477,Home,1576.37,ACTIVE,CLM9477,2025-11-14,19111.01,APPROVED,Non-Fraud
CUST1478,45,Female,Free State,47768.38,2024-01-11,POL5478,Home,1153.34,ACTIVE,CLM9478,2024-05-28,21393.5,APPROVED,Non-Fraud
CUST1479,38,Male,Mpumalanga,14330.4,2023-10-20,POL5479,Home,989.81,ACTIVE,CLM9479,2024-09-13,19776,APPROVED,Non-Fraud
CUST1480,39,Female,Limpopo,35233.02,2020-10-01,POL5480,Home,1456.52,ACTIVE,CLM9480,2024-04-14,48661.24,REJECTED,Non-Fraud
CUST1481,46,Male,Free State,16294.72,2020-11-02,POL5481,Motor,1457.8,LAPSED,CLM9481,2024-10-21,0,REJECTED,Non-Fraud
CUST1483,73,Female,Limpopo,24385.55,2022-07-03,POL5483,Funeral,301,ACTIVE,CLM9483,2025-08-25,11833.94,APPROVED,Non-Fraud
CUST1484,68,Male,Limpopo,24770.74,2023-06-21,POL5484,Health,2965.17,ACTIVE,CLM9484,2024-07-10,5481.95,APPROVED,Non-Fraud
CUST1485,39,Male,Free State,31760.31,2021-02-03,POL5485,Motor,959.81,ACTIVE,CLM9485,2024-06-13,18326.57,APPROVED,Non-Fraud
CUST1486,26,Male,North West,39487.75,2021-06-23,POL5486,Health,1847.98,CANCELLED,CLM9486,2024-11-26,14866.76,APPROVED,Fraud
CUST1487,46,Female,Eastern Cape,20367.39,2024-02-14,POL5487,Home,1345.57,ACTIVE,CLM9487,2025-12-25,9420.9,APPROVED,Non-Fraud
CUST1488,18,Male,KwaZulu-Natal,20747.03,2024-07-14,POL5488,Home,2152.61,ACTIVE,CLM9488,2025-02-17,0,APPROVED,Non-Fraud
CUST1489,31,Male,North West,22588.42,2022-09-05,POL5489,Health,2224.99,ACTIVE,CLM9489,2025-09-25,500,PENDING,Non-Fraud
CUST1490,18,Male,KwaZulu-Natal,47494.38,2022-02-26,POL5490,Life,580,ACTIVE,CLM9490,2025-09-20,38685.99,REJECTED,Non-Fraud
CUST1491,23,Male,North West,6715.98,2021-08-10,POL5491,Health,2704.04,LAPSED,CLM9491,2024-09-19,11438.24,APPROVED,Non-Fraud
CUST1492,29,Male,North West,22568.49,2021-02-04,POL5492,Life,1367.84,ACTIVE,CLM9492,2024-10-30,52309.01,APPROVED,Non-Fraud
CUST1494,51,Male,Unknown,33645.84,2021-07-06,POL5494,Home,558.68,ACTIVE,CLM9494,2025-03-21,40934.78,REJECTED,Non-Fraud
CUST1495,24,Male,Western Cape,38799.63,2023-10-27,POL5495,Motor,1350.39,ACTIVE,CLM9495,2024-03-16,29076.21,REJECTED,Fraud
CUST1496,31,Male,Limpopo,39334.32,2022-08-17,POL5496,Funeral,296.52,ACTIVE,CLM9496,2025-02-18,5746.93,APPROVED,Non-Fraud
CUST1497,54,Female,KwaZulu-Natal,29763,2025-04-21,POL5497,Life,1034.49,ACTIVE,CLM9497,2025-08-22,6232.85,APPROVED,Non-Fraud
CUST1498,57,Male,North West,36723.22,2021-05-12,POL5498,Funeral,588.96,ACTIVE,CLM9498,2024-11-04,14245.55,REJECTED,Fraud
CUST1500,26,Female,Mpumalanga,19166.97,2023-08-23,POL5500,Funeral,311.46,ACTIVE,CLM9500,2025-10-25,16679.22,APPROVED,Non-Fraud
CUST1503,48,Male,Western Cape,4270.37,2023-03-23,POL5503,Motor,1637.08,ACTIVE,CLM9503,2024-04-27,14617.13,APPROVED,Non-Fraud
CUST1504,24,Male,Eastern Cape,15945.3,2024-01-26,POL5504,Life,859.22,ACTIVE,CLM9504,2024-09-13,63461.38,APPROVED,Fraud
CUST1505,39,Female,North West,38114.26,2025-04-07,POL5505,Motor,1222.15,ACTIVE,CLM9505,2025-09-26,28423.59,APPROVED,Non-Fraud
CUST1506,41,Unknown,Eastern Cape,34338.59,2024-09-13,POL5506,Health,1637.51,ACTIVE,CLM9506,2025-08-21,24389.11,APPROVED,Non-Fraud
CUST1507,37,Female,North West,23337.47,2020-12-11,POL5507,Funeral,0,ACTIVE,CLM9507,2024-08-14,18429,APPROVED,Non-Fraud
CUST1508,26,Female,Western Cape,29224.63,2023-02-27,POL5508,Life,803.04,ACTIVE,CLM9508,2025-04-01,64131,APPROVED,Non-Fraud
CUST1509,44,Female,KwaZulu-Natal,17825.61,2021-04-16,POL5509,Motor,1714.33,ACTIVE,CLM9509,2024-05-23,8205.26,REJECTED,Non-Fraud
CUST1510,37,Male,KwaZulu-Natal,30068.58,2022-04-21,POL5510,Funeral,490.62,LAPSED,CLM9510,2025-08-18,10715.55,APPROVED,Non-Fraud
CUST1511,59,Male,Gauteng,28487.31,2021-07-29,POL5511,Life,1222.48,ACTIVE,CLM9511,2025-04-28,44173.28,PENDING,Non-Fraud
CUST1512,45,Female,Free State,24918.41,2023-12-25,POL5512,Motor,1372.28,ACTIVE,CLM9512,2024-10-24,9604.67,REJECTED,Non-Fraud
CUST1514,37,Female,Western Cape,34137.78,2021-08-13,POL5514,Motor,1040.6,CANCELLED,CLM9514,2024-05-29,15498.58,APPROVED,Non-Fraud
CUST1515,49,Male,Limpopo,23723.77,2024-05-02,POL5515,Home,1263.04,ACTIVE,CLM9515,2024-08-27,38996,APPROVED,Non-Fraud
CUST1516,31,Unknown,Free State,41405.52,2023-12-03,POL5516,Health,2010.33,ACTIVE,CLM9516,2025-10-26,7581.91,APPROVED,Non-Fraud
CUST1517,26,Female,Mpumalanga,50149.63,2022-12-06,POL5517,Life,934.18,ACTIVE,CLM9517,2025-01-22,21517.39,APPROVED,Non-Fraud
CUST1518,39,Male,Mpumalanga,11246.68,2022-12-22,POL5518,Health,2922.06,CANCELLED,CLM9518,2024-12-27,16166.05,APPROVED,Non-Fraud
CUST1519,48,Female,Gauteng,19156.88,2021-04-01,POL5519,Life,903.99,ACTIVE,CLM9519,2024-03-19,45945,APPROVED,Non-Fraud
CUST1483,73,Female,Limpopo,24385.55,2022-07-03,POL5483,Funeral,300.74,ACTIVE,CLM9483,2025-08-25,11833.94,APPROVED,Non-Fraud
CUST1115,46,Female,Free State,21169.24,2023-06-21,POL5115,Motor,2105.06,ACTIVE,CLM9115,2024-07-03,32834.36,APPROVED,Non-Fraud
CUST1514,37,Female,Western Cape,34137.78,2021-08-13,POL5514,Motor,1040.6,CANCELLED,CLM9514,2024-05-29,15498.58,APPROVED,Non-Fraud
CUST1068,41,Female,Gauteng,40454.83,2020-11-25,POL5068,Home,2234.21,ACTIVE,CLM9068,2024-08-17,44954.87,PENDING,Fraud
CUST1510,37,Male,KwaZulu-Natal,30069,2022-04-21,POL5510,Funeral,490.62,LAPSED,CLM9510,2025-08-18,10715.55,APPROVED,Non-Fraud
CUST1044,41,Male,Free State,15339.57,2023-04-01,POL5044,Funeral,271.78,LAPSED,CLM9044,2025-04-16,10538.65,APPROVED,Fraud
CUST1039,33,Female,Gauteng,19938.54,2021-04-11,POL5039,Motor,1253.73,CANCELLED,CLM9039,2024-06-01,15634.16,REJECTED,Fraud
CUST1495,24,Male,Western Cape,38799.63,2023-10-27,POL5495,Motor,1350.39,ACTIVE,CLM9495,2024-03-16,29076.21,REJECTED,Fraud
CUST1501,41,Male,Western Cape,43318.51,2022-05-10,POL5501,Motor,1517.65,ACTIVE,CLM9501,2025-07-04,27157.29,APPROVED,Non-Fraud
CUST1459,36,Male,Eastern Cape,26015,2023-09-11,POL5459,Funeral,493.46,ACTIVE,CLM9459,2024-02-17,4982.78,APPROVED,Non-Fraud
CUST1368,41,Male,Western Cape,3500,2021-11-10,POL5368,Home,1111.28,ACTIVE,CLM9368,2024-06-17,30204.44,APPROVED,Non-Fraud
CUST1381,47,Female,North West,0,2022-10-23,POL5381,Home,2419.24,CANCELLED,CLM9381,2024-04-12,25929,PENDING,Non-Fraud
CUST1193,48,Unknown,Mpumalanga,19358.46,2023-04-26,POL5193,Health,1439.91,LAPSED,CLM9193,2024-12-05,11955.23,REJECTED,Fraud
CUST1191,39,Male,Western Cape,16684.28,2023-08-12,POL5191,Motor,1059.34,ACTIVE,CLM9191,2024-10-27,0,APPROVED,Non-Fraud
CUST1283,44,Male,KwaZulu-Natal,48847.58,2025-08-26,POL5283,Health,1857.36,ACTIVE,CLM9283,2025-10-14,15487.8,APPROVED,Non-Fraud
CUST1003,41,Female,Western Cape,3500,2024-06-10,POL5003,Motor,885.13,ACTIVE,CLM9003,2025-01-24,15139.51,APPROVED,Non-Fraud
CUST1050,47,Male,Mpumalanga,15089.69,2024-03-19,POL5050,Life,1053,ACTIVE,CLM9050,2025-12-14,71928.8,APPROVED,Non-Fraud
CUST1243,37,Female,Western Cape,37361.17,2022-05-19,POL5243,Funeral,326.64,ACTIVE,CLM9243,2024-04-25,15288.28,APPROVED,Fraud
CUST1425,50,Male,Western Cape,35023.59,2021-03-03,POL5425,Life,1050.06,ACTIVE,CLM9425,2024-11-08,46459.49,APPROVED,Non-Fraud
CUST1514,37,Female,Western Cape,34137.78,2021-08-13,POL5514,Motor,1040.6,CANCELLED,CLM9514,2024-05-29,15498.58,APPROVED,Non-Fraud
